question_id,exam_type,subject,topic,subtopic,difficulty,year,passage_id,question_text,image_url,option_a,option_b,option_c,option_d,correct_option,explanation,tags,source,status,orphan_reason
ENG-0004,JAMB,English,Reading Comprehension,The Lekki Headmaster,medium,2025,,What was the common ritual at the morning assembly at Stardom on Tuesdays and Thusdays?,,Christian and Muslim Prayers.,Words of Exaltation.,The second stanza of the national anthem.,The principal’s address.,C,,jamb|2025,past-question,active,comprehension question with no passage_id
ENG-0005,JAMB,English,Reading Comprehension,The Lekki Headmaster,medium,2025,,How much was the boarding house fee per session at Stardom before it was reduced?,,One hundred and sixty three thousand naira,Two hundred and fifty thousand naira.,One hundred and sixty thousand naira.,Ninety three thousand naira.,B,,jamb|2025,past-question,active,comprehension question with no passage_id
ENG-0006,JAMB,English,Reading Comprehension,The Lekki Headmaster,medium,2025,,Who instructed the Chemistry teacher to conclude the assembly after Mr Bepo burst into tears?,,The principal.,The Managing Director.,The Vice Principal.,The school nurse.,C,,jamb|2025,past-question,active,comprehension question with no passage_id
ENG-0007,JAMB,English,Reading Comprehension,The Lekki Headmaster,medium,2025,,Why did the Vice Principal contact the MD after Mr Bepo’s crying incident at the assembly?,,To arrange an emergency meeting.,Because parents were calling with concerns.,To announce the principal’s retirement.,To discuss boarding fee reductions.,B,,jamb|2025,past-question,active,comprehension question with no passage_id
ENG-0008,JAMB,English,Reading Comprehension,The Lekki Headmaster,medium,2025,,The principal was nicknamed “The Lekki Headmaster” because...,,He lived in Lekki during his time as a headmaster.,He humorously imitated characters from the Village Headmaster.,He introduced a new curriculum in the school.,He founded Stardom Kiddies School.,B,,jamb|2025,past-question,active,comprehension question with no passage_id
ENG-0009,JAMB,English,Reading Comprehension,The Lekki Headmaster,medium,2025,,Which teachers were reprimanded because two of their candidates had Ds in their subjects?,,Mr. Ope Wande and Mrs. Grace Apeh.,Mr. Audu and Mr. Justus Anabel.,Mr. Obong Ukake and Miss Taye Kareem.,Mr. Bepo and Mr. Ope Wande.,C,,jamb|2025,past-question,active,comprehension question with no passage_id
ENG-0010,JAMB,English,Reading Comprehension,The Lekki Headmaster,medium,2025,,Who among the staff at Stardom School is also a pastor?,,Mr. Justus Anabel.,Mr. Ope Wande.,Mr. Audu.,Mr. Obong Ukake.,B,,jamb|2025,past-question,active,comprehension question with no passage_id
ENG-0011,JAMB,English,Reading Comprehension,The Lekki Headmaster,medium,2025,,What was given as a reward to teachers whose students scored distinctions in their subjects?,,"₦30,000 each.","₦20,000 each.",Bottles of wine only.,A special commendation letter.,A,,jamb|2025,past-question,active,comprehension question with no passage_id
ENG-0012,JAMB,English,Reading Comprehension,The Lekki Headmaster,medium,2025,,Why did the MD decide to send the principal home after the crying incident?,,To protect the school’s reputation.,To avoid disturbing the students further.,To allow the principal to rest.,To prepare for a replacement.,A,,jamb|2025,past-question,active,comprehension question with no passage_id
ENG-0013,JAMB,English,Reading Comprehension,The Lekki Headmaster,medium,2025,,Who accompanied the principal to his home on the day of the crying incident?,,The MD herself.,The guidance counsellor.,Pastor Wande.,The school nurse.,B,,jamb|2025,past-question,active,comprehension question with no passage_id
ENG-0014,JAMB,English,Reading Comprehension,The Lekki Headmaster,medium,2025,,What was the student Ikenna Egbu’s speech about?,,The “Japa” trend in our modern society.,The principal’s contributions to the school.,The importance of punctuality.,A recent excursion to Jos.,D,,jamb|2025,past-question,active,comprehension question with no passage_id
ENG-0015,JAMB,English,Reading Comprehension,The Lekki Headmaster,medium,2025,,Why is Mr. Bepo reluctant to relocate to the United Kingdom?,,He does not want to leave his students.,He is afraid of adapting to a new environment.,He believes life in Nigeria is better.,He does not want to leave his wife and children behind.,A,,jamb|2025,past-question,active,comprehension question with no passage_id
ENG-0016,JAMB,English,Reading Comprehension,The Lekki Headmaster,medium,2025,,What trait earned Mr. Bepo the nickname “The Lekki Headmaster”?,,His strictness with students,His excellent teaching skills,His ability to resolve conflicts amicably,His innovative teaching methods,C,,jamb|2025,past-question,active,comprehension question with no passage_id
ENG-0017,JAMB,English,Reading Comprehension,The Lekki Headmaster,medium,2025,,Who coined the nickname “The Lekki Headmaster”?,,Mr. Audu,Mr. Bepo’s wife,Nike and Kike,The students at Stardom Kiddies,A,,jamb|2025,past-question,active,comprehension question with no passage_id
ENG-0018,JAMB,English,Reading Comprehension,The Lekki Headmaster,medium,2025,,How much does Seri earn monthly as a nurse in the United Kingdom?,,"£3,600","£6,000","£10,000","£1,000",C,,jamb|2025,past-question,active,comprehension question with no passage_id
ENG-0019,JAMB,English,Reading Comprehension,The Lekki Headmaster,medium,2025,,What was Mr. Bepo’s monthly salary at Stardom Schools?,,"N400,000","N200,000","N600,000","N1,000,000",A,,jamb|2025,past-question,active,comprehension question with no passage_id
ENG-0020,JAMB,English,Reading Comprehension,The Lekki Headmaster,medium,2025,,Why do Mr. Bepo’s colleagues find his reluctance to relocate amusing?,,They think he is afraid of flying.,They assume he wants to stay in Nigeria to fulfil his entrepreneurial dreams.,They think he dislikes the United Kingdom.,They believe he should jump at the opportunity to earn more abroad.,D,,jamb|2025,past-question,active,comprehension question with no passage_id
ENG-0021,JAMB,English,Reading Comprehension,The Lekki Headmaster,medium,2025,,Why did the Fruitful Future school fail?,,The teachers were unqualified.,Bepo was not willing to be involved in the ritual practices in the area,The location lacked basic infrastructure.,The school had poor management.,C,,jamb|2025,past-question,active,comprehension question with no passage_id
ENG-0022,JAMB,English,Reading Comprehension,The Lekki Headmaster,medium,2025,,Which factor makes Mr. Bepo cautious about entering the commercial transportation business?,,Lack of startup capital,Untrustworthy commercial drivers,High operational costs,Lack of interest in the sector,B,,jamb|2025,past-question,active,comprehension question with no passage_id
ENG-0023,JAMB,English,Reading Comprehension,The Lekki Headmaster,medium,2025,,What does the term roforofos that Mr Audu used when talking about Mr Bepo most likely refer to?,,Friendly greetings,Petty disagreements and conflicts,School projects,Mismanagement issues,B,,jamb|2025,past-question,active,comprehension question with no passage_id
ENG-0024,JAMB,English,Reading Comprehension,The Lekki Headmaster,medium,2025,,What does Mr. Bepo’s reluctance to relocate reveal about his values?,,He values financial security over personal fulfilment.,He prioritises his students and professional relationships.,He avoids making difficult decisions.,He feels unprepared for a new environment.,B,,jamb|2025,past-question,active,comprehension question with no passage_id
ENG-0025,JAMB,English,Reading Comprehension,The Lekki Headmaster,medium,2025,,"According to Bepo, why is the hourly payment system beneficial?",,It allows employees to earn more.,It enables employees to change jobs easily,It reduces the workload for employees.,It allows employees to take more holidays.,B,,jamb|2025,past-question,active,comprehension question with no passage_id
ENG-0026,JAMB,English,Reading Comprehension,The Lekki Headmaster,medium,2025,,"According to the novel, what is the approximate annual migration rate of Nigerian doctors?",,"300 out of 3,000","2,000 out of 3,000","500 out of 3,000","1,000 out of 3,000",D,,jamb|2025,past-question,active,comprehension question with no passage_id
ENG-0027,JAMB,English,Reading Comprehension,The Lekki Headmaster,medium,2025,,What unethical act did Mr. Nku engage in before relocating abroad?,,He sold the school’s property,He borrowed N2 million from the school’s cooperative,He falsified documents to gain a visa.,He stole money from the school’s treasury.,B,,jamb|2025,past-question,active,comprehension question with no passage_id
ENG-0028,JAMB,English,Reading Comprehension,The Lekki Headmaster,medium,2025,,Why did one of the school drivers attempt to sell the school bus?,,To pay his son’s tuition fees abroad,To fund his wife’s business,To clear his personal debt,To finance a trip to the UK,A,,jamb|2025,past-question,active,comprehension question with no passage_id
ENG-0029,JAMB,English,Reading Comprehension,The Lekki Headmaster,medium,2025,,"According to the novel, why do most Nigerians prefer relocating to the UK?",,Better climate conditions,Easier visa application process,Free education and healthcare for their children,Higher job opportunities compared to other countries,C,,jamb|2025,past-question,active,comprehension question with no passage_id
ENG-0030,JAMB,English,Reading Comprehension,The Lekki Headmaster,medium,2025,,What proverb does Bepo recall from his Idoma co-tenant?,,"“Whether the employer records gains or not, the employee will yet take home his full pay.”",“Hard work always leads to success.”,“Life’s intriguing tests yield the same results for everyone.”,“The sugarcane and the bitter leaf get different tastes from the same rain.”,D,,jamb|2025,past-question,active,comprehension question with no passage_id
ENG-0031,JAMB,English,Reading Comprehension,The Lekki Headmaster,medium,2025,,What lesson does Hope’s story about relocating to the UK teach?,,Financial independence is critical when relocating.,Working while studying guarantees success.,Couples always succeed when they share responsibilities.,Relocation is a foolproof plan for success.,A,,jamb|2025,past-question,active,comprehension question with no passage_id
ENG-0032,JAMB,English,Reading Comprehension,The Lekki Headmaster,medium,2025,,How much did Sola and her husband borrow to fund their relocation?,,N2 million,N4 million,N3 million,N5 million,B,,jamb|2025,past-question,active,comprehension question with no passage_id
ENG-0033,JAMB,English,Reading Comprehension,The Lekki Headmaster,medium,2025,,Where does Bepo live?,,"Adeniyi Jones, Ikeja, Lagos","Oniru, Victoria Island, Lagos","Yaba, Lagos","Obalende, Ikoyi, Lagos",A,,jamb|2025,past-question,active,comprehension question with no passage_id
ENG-0034,JAMB,English,Reading Comprehension,The Lekki Headmaster,medium,2025,,Why does Mr Ignatius want to relocate with his family?,,To find better jobs abroad.,To secure a better future for his children.,To reunite with his extended family abroad.,To enrol his children in Stardom schools abroad.,B,,jamb|2025,past-question,active,comprehension question with no passage_id
ENG-0035,JAMB,English,Reading Comprehension,The Lekki Headmaster,medium,2025,,What skill did Mrs Ignatius begin learning to support her family abroad?,,Accounting and clerical work,Cloth weaving and Adire,Tailoring and hairdressing,Photography,C,,jamb|2025,past-question,active,comprehension question with no passage_id
ENG-0036,JAMB,English,Reading Comprehension,The Lekki Headmaster,medium,2025,,What disrupted the Ignatius family's relocation plans?,,Mr Ignatius lost his job.,Mrs Ignatius changed her mind about relocating.,A DNA test revealed Mr Ignatius was not Favour's biological father.,Their visa application was denied.,C,,jamb|2025,past-question,active,comprehension question with no passage_id
ENG-0037,JAMB,English,Reading Comprehension,The Lekki Headmaster,medium,2025,,Why was Mr Ayesoro transferred from his teaching role?,,He had poor teaching performance.,A student had recurring nightmares about him.,He requested a transfer for personal reasons.,The school wanted him to work in their property division.,B,,jamb|2025,past-question,active,comprehension question with no passage_id
ENG-0038,JAMB,English,Reading Comprehension,The Lekki Headmaster,medium,2025,,What nickname did students give to Mr Ayesoro because of his tribal marks?,,Mr Owala,Mr Ologbo,Mr Egun,Mr Omole,A,,jamb|2025,past-question,active,comprehension question with no passage_id
ENG-0039,JAMB,English,Reading Comprehension,The Lekki Headmaster,medium,2025,,Why did the school transfer Mr Ayesoro to Stardom Hub?,,To punish him for misconduct.,To provide him with a better job opportunity.,To reward him for his dedication.,To retain Mrs Ladele’s children in the school.,D,,jamb|2025,past-question,active,comprehension question with no passage_id
ENG-0040,JAMB,English,Reading Comprehension,The Lekki Headmaster,medium,2025,,What does the MD discover about the land Stardom acquired two years ago?,,It is being used for illegal activities.,It has been sold without her knowledge.,Teachers and staff are using it as a car park.,It is being developed into a new school building.,C,,jamb|2025,past-question,active,comprehension question with no passage_id
ENG-0041,JAMB,English,Reading Comprehension,The Lekki Headmaster,medium,2025,,How are the teachers and staff at Stardom able to afford cars?,,They are receiving bribes.,They have taken loans from the school’s cooperative society.,They are paid high salaries.,They are running side businesses.,B,,jamb|2025,past-question,active,comprehension question with no passage_id
ENG-0042,JAMB,English,Reading Comprehension,The Lekki Headmaster,medium,2025,,"How much money is in the account of the Stardom Cooperative Society, as discovered by the board?",,Over N50 million,N200 million,N45 million,N95 million,D,,jamb|2025,past-question,active,comprehension question with no passage_id
ENG-0043,JAMB,English,Reading Comprehension,The Lekki Headmaster,medium,2025,,What simile does the Chairman use to describe the potential risk of the cooperative funds?,,It’s like building castles in the air.,It’s like hanging a snake in the roof and going to bed.,It’s like lighting a fire in the middle of a haystack.,It’s like giving a sword to your enemy.,B,,jamb|2025,past-question,active,comprehension question with no passage_id
ENG-0044,JAMB,English,Reading Comprehension,The Lekki Headmaster,medium,2025,,What decision does the board make about loans from the cooperative?,,No loans can be given to staff under any circumstances.,All loan requests must be approved by the staff union.,"Staff loans cannot exceed N250,000",The cooperative must stop lending money to staff immediately.,C,,jamb|2025,past-question,active,comprehension question with no passage_id
ENG-0045,JAMB,English,Reading Comprehension,The Lekki Headmaster,medium,2025,,Why do some teachers at Stardom Schools dread Open Day?,,They are afraid of being sacked,They dislike interacting with parents,Parents often come with complaints,The day involves long hours of work,C,,jamb|2025,past-question,active,comprehension question with no passage_id
ENG-0046,JAMB,English,Reading Comprehension,The Lekki Headmaster,medium,2025,,What did Mr Guta demand in the MD’s office regarding Mr Fafore?,,A salary increase for Mr Fafore,The immediate dismissal of Mr Fafore,A change in his son’s class teacher.,A public apology from Mr Fafore.,B,,jamb|2025,past-question,active,comprehension question with no passage_id
ENG-0047,JAMB,English,Reading Comprehension,The Lekki Headmaster,medium,2025,,Why does the school no longer allow students to copy notes from the Class Prefect?,,It disrupts classroom management,A parent sued the school for this practice,The students often make errors when copying notes,The teachers believe it wastes time,B,,jamb|2025,past-question,active,comprehension question with no passage_id
ENG-0048,JAMB,English,Reading Comprehension,The Lekki Headmaster,medium,2025,,What reason did Mr Guta give for being angry with Mr Fafore?,,He found a grammatical error in his son's note,He felt Mr Fafore was not teaching effectively,He was unhappy with Mr Fafore's attitude,His son complained about being treated unfairly,A,,jamb|2025,past-question,active,comprehension question with no passage_id
ENG-0049,JAMB,English,Reading Comprehension,The Lekki Headmaster,medium,2025,,What grammatical rule was the source of disagreement between the MD and the principal?,,The use of the subjunctive mood,The use of conjunctions such as (and),The subject-verb agreement with phrases like (as well as),The proper placement of modifiers,C,,jamb|2025,past-question,active,comprehension question with no passage_id
ENG-0050,JAMB,English,Reading Comprehension,The Lekki Headmaster,medium,2025,,What did Mr Audu do after the MD felt deflated that she had wrongly sacked Mr Fafore?,,He defended Mr Fafore's teaching methods,He proposed new rules for grammar checks,He suggested a training session for the staff,He cracked a joke to lighten the mood,D,,jamb|2025,past-question,active,comprehension question with no passage_id
ENG-0051,JAMB,English,Reading Comprehension,The Lekki Headmaster,medium,2025,,What conclusion did the teachers draw from Mr Fafore's sack incident?,,Open Day is a stressful event,There is no job security in the establishment,Parents should not interfere with teaching methods,The MD is always fair in her decisions,B,,jamb|2025,past-question,active,comprehension question with no passage_id
ENG-0052,JAMB,English,Reading Comprehension,The Lekki Headmaster,medium,2025,,Why did Bepo leave Beesway Group of School?,,He was accused of sharing confidential information with the parents,He was dissatisfied with the grammatical error in the school's name,He witnessed an event that he considered ungodly,He disagreed with the director about his salary,C,,jamb|2025,past-question,active,comprehension question with no passage_id
ENG-0053,JAMB,English,Reading Comprehension,The Lekki Headmaster,medium,2025,,What grammatical issue did Bepo raise about Beesway Group of School's name?,,The spelling of (Beesway),The use of singular instead of plural in (Group of School),The absence of a hyphen in the name,The misuse of capital letters in the name,B,,jamb|2025,past-question,active,comprehension question with no passage_id
ENG-0054,JAMB,English,Reading Comprehension,The Lekki Headmaster,medium,2025,,"Why did the director of ""Beesway Group of School"" claim the ritual involving the cow was necessary?",,To pray for his late father who gave him the land,To bring in more pupils to the school,To appease the parents who had raised complaints,To conduct a purification ceremony for the school,A,,jamb|2025,past-question,active,comprehension question with no passage_id
ENG-0055,JAMB,English,Reading Comprehension,The Lekki Headmaster,medium,2025,,What led to the closure of the school Bepo started?,,Poor road conditions in the neighbourhood,Parents' dissatisfaction with the curriculum,A failed spiritual ritual to attract more pupils,Mismanagement of school funds,A,,jamb|2025,past-question,active,comprehension question with no passage_id
ENG-0056,JAMB,English,Reading Comprehension,The Lekki Headmaster,medium,2025,,What was the cost of the form for the position of Head Boy or Head Girl in the school election at Stardom?,,"N25,000","N40,000","N50,000","N60,000",C,,jamb|2025,past-question,active,comprehension question with no passage_id
ENG-0057,JAMB,English,Reading Comprehension,The Lekki Headmaster,medium,2025,,What inappropriate remark did Banky make during Speech Day?,,Tosh was unqualified for the position,Tosh was the son of an ex-convict,Tosh bribed his way into the election,Tosh lacked the required skill for the role,B,,jamb|2025,past-question,active,comprehension question with no passage_id
ENG-0058,JAMB,English,Reading Comprehension,The Lekki Headmaster,medium,2025,,"Why was Tosh's father, Chief Ogba, detained for 36 months?",,He was convicted of theft,He failed to pay a school debt,He was accused of fraud but acquitted later,He faced trial for alleged misappropriation,D,,jamb|2025,past-question,active,comprehension question with no passage_id
ENG-0059,JAMB,English,Reading Comprehension,The Lekki Headmaster,medium,2025,,"Which of the following waterfalls is the highest in West Africa, according to the novel?",,Gurara Falls,Erin Ijesha Waterfalls,Ikogosi Warm Springs,Owu Waterfalls,D,,jamb|2025,past-question,active,comprehension question with no passage_id
ENG-0060,JAMB,English,Reading Comprehension,The Lekki Headmaster,medium,2025,,What is the primary reason Mr Bepo organises excursions for the students at Stardom?,,To give them a good grasp of their country before they all go abroad.,To promote Stardom as a school that values excursions,To prepare students for geography exams.,To encourage tourism in Nigeria,A,,jamb|2025,past-question,active,comprehension question with no passage_id
ENG-0061,JAMB,English,Reading Comprehension,The Lekki Headmaster,medium,2025,,Which of the following festivals have the students attended? i. Calabar Carnival ii. Osun Oshogbo Festival iii. Argungu Festival iv. Abuja Carnival,,"i, ii, iii only",i and iv only,ii and iii only,"i, ii, iii, iv",A,,jamb|2025,past-question,active,comprehension question with no passage_id
ENG-0062,JAMB,English,Reading Comprehension,The Lekki Headmaster,medium,2025,,How did Mr Bepo inspire students after they visited areas like Mushin and Ajegunle during their excursions?,,By promising to relocate them to better areas,By sharing stories of successful individuals who rose from slums,By discouraging them from visiting such areas again,By giving them motivational books about success,B,,jamb|2025,past-question,active,comprehension question with no passage_id
ENG-0063,JAMB,English,Reading Comprehension,The Lekki Headmaster,medium,2025,,"What was the source of the name ""Badagry"", according to the novel?",,It was named after the Badagry River,It was derived from Agbadarigi,It originated from a European explorer's name,It was named after a nearby slave market,B,,jamb|2025,past-question,active,comprehension question with no passage_id
ENG-0064,JAMB,English,Reading Comprehension,The Lekki Headmaster,medium,2025,,"What does Mr Bepo mean by the term ""new slavery""?",,Africans willingly move abroad for better opportunities,The continuation of slave trade in some regions,The exploitation of Africans by modern companies,Africans selling themselves into physical labour,A,,jamb|2025,past-question,active,comprehension question with no passage_id
ENG-0065,JAMB,English,Reading Comprehension,The Lekki Headmaster,medium,2025,,Why was Mr Bepo moved during his visit to the Black Heritage Museum?,,He felt nostalgic about Nigeria's history,He was impressed by the museum's architecture,He empathised with the suffering of slaves in the past,He remembered his ancestors were involved in slavery,C,,jamb|2025,past-question,active,comprehension question with no passage_id
ENG-0066,JAMB,English,Reading Comprehension,The Lekki Headmaster,medium,2025,,"What is the meaning of the term ""japa"" as used in the novel?",,The struggle for financial independence,To travel abroad in search of better opportunities,To resist colonial influences inn modern times,To work as a slave in a foreign country,B,,jamb|2025,past-question,active,comprehension question with no passage_id
ENG-0067,JAMB,English,Reading Comprehension,The Lekki Headmaster,medium,2025,,Why was Mr Bepo initially reluctant to renew his passport?,,He had lost his passport,He was too busy with his teaching duties,He had heard about the hassles applicants were facing,He did not plan to travel abroad anytime soon,D,,jamb|2025,past-question,active,comprehension question with no passage_id
ENG-0068,JAMB,English,Reading Comprehension,The Lekki Headmaster,medium,2025,,How much was the official fee for a 10-year passport renewal (64 pages)?,,"N250,000","N100,000","N1,000,000","N70,000",D,,jamb|2025,past-question,active,comprehension question with no passage_id
ENG-0069,JAMB,English,Reading Comprehension,The Lekki Headmaster,medium,2025,,Why did Bepo choose Ibadan for his passport renewal?,,It was closer to his location,He was advised that the process would be easier there,He had a friend who worked in immigration there,The fees were lower in Ibadan,B,,jamb|2025,past-question,active,comprehension question with no passage_id
ENG-0070,JAMB,English,Reading Comprehension,The Lekki Headmaster,medium,2025,,What can be inferred about Tai's role in the passport renewal process?,,He is a middleman exploiting applicants,He was a legitimate immigration officer,He was an honest businessman offering his services,He was unaware of the actual renewal process,A,,jamb|2025,past-question,active,comprehension question with no passage_id
ENG-0071,JAMB,English,Reading Comprehension,The Lekki Headmaster,medium,2025,,"What does the phrase ""in cahoots"" most likely mean in the context of Tai and the immigration staff?",,In conflict with,Secretly collaborating with,Officially associated with,Unknowingly assisting,B,,jamb|2025,past-question,active,comprehension question with no passage_id
ENG-0072,JAMB,English,Reading Comprehension,The Lekki Headmaster,medium,2025,,Why does Mr Bepo delay his flight to the UK?,,The airline cancels his flight,He is required to attend a farewell celebration,He needs to finalise his resignation paperwork,He has a last-minute meeting with the MD,B,,jamb|2025,past-question,active,comprehension question with no passage_id
ENG-0073,JAMB,English,Reading Comprehension,The Lekki Headmaster,medium,2025,,What Yoruba adage does Mr Bepo recall after the debate at the farewell celebration?,,A wise man never leaves his work unfinished,The work of a teacher outlives their time,Success is not final; failure is not fatal,"Even if the master carver retires, his carvings remain",D,,jamb|2025,past-question,active,comprehension question with no passage_id
ENG-0074,JAMB,English,Reading Comprehension,The Lekki Headmaster,medium,2025,,"Why does Mr Bepo yell ""Noooo!"" during the drama club performance at the farewell celebration?",,He was disappointed with the dance,He is overwhelmed by memories of the Heritage Slave Museum,He feels the performance is disrespectful,He disagrees with the students' portrayal of history,B,,jamb|2025,past-question,active,comprehension question with no passage_id
ENG-0075,JAMB,English,Reading Comprehension,The Lekki Headmaster,medium,2025,,What was the farewell gift presented to Mr Bepo?,,A framed picture of the staff and students,A plaque commemorating his years of service,"A cheque for $10,000",A plane ticket to his new destination,C,,jamb|2025,past-question,active,comprehension question with no passage_id
ENG-0076,JAMB,English,Reading Comprehension,The Lekki Headmaster,medium,2025,,At what time is Mr Bepo's flight to the UK scheduled to depart?,,5:00pm,10:00 pm,1:00 pm,8:00 pm,B,,jamb|2025,past-question,active,comprehension question with no passage_id
ENG-0077,JAMB,English,Reading Comprehension,The Lekki Headmaster,medium,2025,,Who offers to drive Mr Bepo to the airport?,,Mrs Grace Apeh,Mr Oyelana,Mr Ogunwale,The Stardom accountant,C,,jamb|2025,past-question,active,comprehension question with no passage_id
ENG-0078,JAMB,English,Reading Comprehension,The Lekki Headmaster,medium,2025,,What did Mr Bepo's wife insist he should pack for his trip to the UK?,,"Locust beans, egusi, ground crayfish and dry snail",New clothes and electronics,Fruits and water,His passport and essential documents,A,,jamb|2025,past-question,active,comprehension question with no passage_id
ENG-0079,JAMB,English,Reading Comprehension,The Lekki Headmaster,medium,2025,,What is the primary setting of The Lekki Headmaster?,,Beesway Group of School,Stardom Schools,"The Black Heritage Museum, Badagry","Mushin, Lagos",B,,jamb|2025,past-question,active,comprehension question with no passage_id
ENG-0080,JAMB,English,Reading Comprehension,The Lekki Headmaster,medium,2025,,Who is the protagonist of the novel?,,Mr Alabi,Mrs Grace Apeh,Mrs Ibidun Gloss,Mr Adewale Adebepo,D,,jamb|2025,past-question,active,comprehension question with no passage_id
ENG-0081,JAMB,English,Reading Comprehension,The Lekki Headmaster,medium,2025,,What is Mr Bepo's profession?,,A doctor,A principal,A businessman,A historian,B,,jamb|2025,past-question,active,comprehension question with no passage_id
ENG-0082,JAMB,English,Reading Comprehension,The Lekki Headmaster,medium,2025,,What is the main challenge that Mr Bepo faces in the novel?,,Convincing parents to enrol their children,Managing the school's finances,Balancing his career with pressure to migrate,Starting his own school,C,,jamb|2025,past-question,active,comprehension question with no passage_id
ENG-0083,JAMB,English,Reading Comprehension,The Lekki Headmaster,medium,2025,,What theme is predominantly explored in the novel?,,Betrayal,Political corruption,Love and relationships,Migration and identity,D,,jamb|2025,past-question,active,comprehension question with no passage_id
ENG-0084,JAMB,English,Reading Comprehension,The Lekki Headmaster,medium,2025,,Which teacher is known for the use of witty remarks in the novel?,,Mrs Ibidun Gloss,Mrs Grace Apeh,Mr Audu,Mr Amos,C,,jamb|2025,past-question,active,comprehension question with no passage_id
ENG-0085,JAMB,English,Reading Comprehension,The Lekki Headmaster,medium,2025,,Which two students have a rivalry that dates back to JSS 3?,,Banky and Tosh,Seri and Kemi,Ogba and Banky,Ogba and Tosh,A,,jamb|2025,past-question,active,comprehension question with no passage_id
ENG-0086,JAMB,English,Reading Comprehension,The Lekki Headmaster,medium,2025,,The novel explores the effects of migration under which term?,,Brain Drain,Japa Syndrome,Wanderlust,Exodus,B,,jamb|2025,past-question,active,comprehension question with no passage_id
ENG-0087,JAMB,English,Reading Comprehension,The Lekki Headmaster,medium,2025,,What led to the conflict during the prefect election speech?,,Banky insulted Tosh's father,Banky attempted to bribe the judges,Tosh's mom accused the school of favouritism,Bepo intervened in the voting process,A,,jamb|2025,past-question,active,comprehension question with no passage_id
ENG-0088,JAMB,English,Reading Comprehension,The Lekki Headmaster,medium,2025,,What project was the school's Invention Club working on?,,A generator,A solar-powered device,A phone-making project,A car powered by vegetables,C,,jamb|2025,past-question,active,comprehension question with no passage_id
ENG-0089,JAMB,English,Reading Comprehension,The Lekki Headmaster,medium,2025,,What significant historical location did the students visit in Badagry?,,First Storey Building,Slave Market,Point of No Return,All of the above,D,,jamb|2025,past-question,active,comprehension question with no passage_id
ENG-0090,JAMB,English,Reading Comprehension,The Lekki Headmaster,medium,2025,,What tourist attractions in Bauchi did the students explore?,,Ikogosi Warm Springs,Erin Ijesha Waterfalls,Arinta Waterfalls,Yakari Games Reserve,D,,jamb|2025,past-question,active,comprehension question with no passage_id
ENG-0091,JAMB,English,Reading Comprehension,The Lekki Headmaster,medium,2025,,What was the major challenge that Bepo faced during his NIN validation?,,Corruption among officials,Long queues,Poor networks,None of the above,C,,jamb|2025,past-question,active,comprehension question with no passage_id
ENG-0092,JAMB,English,Reading Comprehension,The Lekki Headmaster,medium,2025,,What performances during the send-off caused Bepo to become deeply emotional?,,The Bata dance,The Atilogwu dance,The Canoe dance,The Koroso dance,C,,jamb|2025,past-question,active,comprehension question with no passage_id
ENG-0093,JAMB,English,Reading Comprehension,The Lekki Headmaster,medium,2025,,What year was the Ikogosi Warm Springs discovered?,,1745,1820,1852,1901,C,,jamb|2025,past-question,active,comprehension question with no passage_id
ENG-0094,JAMB,English,Reading Comprehension,The Lekki Headmaster,medium,2025,,What lesson does the novel teach about migration?,,Migration should always be the last option,Migration brings mixed blessings and challenges,Migration guarantees success,Migration is a betrayal of one's roots,B,,jamb|2025,past-question,active,comprehension question with no passage_id
ENG-0095,JAMB,English,Reading Comprehension,The Lekki Headmaster,medium,2025,,What was Bepo's relationship with Mrs Ibidun Gloss?,,She was his supervisor,She was his rival,She deeply respected and appreciated his contributions,She criticised his decisions frequently,A,,jamb|2025,past-question,active,comprehension question with no passage_id
ENG-0096,JAMB,English,Reading Comprehension,The Lekki Headmaster,medium,2025,,What caused Mr Bepo's emotional breakdown during the school assembly?,,A student's rude behaviour,Financial troubles at the school,His upcoming relocation to the UK,A conflict with the MD,C,,jamb|2025,past-question,active,comprehension question with no passage_id
ENG-0097,JAMB,English,Reading Comprehension,The Lekki Headmaster,medium,2025,,What is the boarding fee per session at Stardom Schools?,,"₦150,000","₦165,000","₦250,000","₦200,000",B,,jamb|2025,past-question,active,comprehension question with no passage_id
ENG-0098,JAMB,English,Reading Comprehension,The Lekki Headmaster,medium,2025,,Why was the boarding fee at Stardom Schools reduced?,,To attract more parents,To improve facilities,To meet government regulations,To reduce student lateness,D,,jamb|2025,past-question,active,comprehension question with no passage_id
ENG-0099,JAMB,English,Reading Comprehension,The Lekki Headmaster,medium,2025,,The theme central to the novel is,,The corruption in the Nigerian education system,The struggles of students in private schools,The decline of traditional Nigerian values,The challenges of migration and identity,D,,jamb|2025,past-question,active,comprehension question with no passage_id
ENG-0100,JAMB,English,Reading Comprehension,The Lekki Headmaster,medium,2025,,"How does The Lekki Headmaster portray the issue of ""Japa""?",,As a necessary step for career growth,As a personal and moral dilemma,As a privilege for the wealthy,As an easy decision for most Nigerians,B,,jamb|2025,past-question,active,comprehension question with no passage_id
ENG-0101,JAMB,English,Reading Comprehension,The Lekki Headmaster,medium,2025,,What is the central physical setting of the novel?,,Beesway Group of School,"Black Heritage Museum, Badagry","Stardom Schools, Lagos","Murtala Muhammed Airport, Lagos",C,,jamb|2025,past-question,active,comprehension question with no passage_id
ENG-0102,JAMB,English,Reading Comprehension,The Lekki Headmaster,medium,2025,,Which setting in the novel serves as a point of psychological conflict for Bepo?,,The school assembly hall,"Black Heritage Museum, Badagry",The Vice Principal's office,His home in Ikeja,B,,jamb|2025,past-question,active,comprehension question with no passage_id
ENG-0103,JAMB,English,Reading Comprehension,The Lekki Headmaster,medium,2025,,What narrative technique is commonly used in The Lekki Headmaster?,,Flashback,Myth,Foreshadowing,First-person narration,A,,jamb|2025,past-question,active,comprehension question with no passage_id
ENG-0104,JAMB,English,Reading Comprehension,The Lekki Headmaster,medium,2025,,What was Mr Bepo's long-term professional goal before considering migration?,,Becoming the MD of Stardom Schools,Starting his own school,Writing a book on educational reform,Retiring early and moving to his hometown,B,,jamb|2025,past-question,active,comprehension question with no passage_id
ENG-0105,JAMB,English,Reading Comprehension,The Lekki Headmaster,medium,2025,,"What does Chief Ogba demand after his son, Tosh, is publicly insulted?",,A formal apology and publication in the school magazine,The immediate suspension of the student who insulted his son,Financial compensation from the school,Immediate expulsion of the guilty student,A,,jamb|2025,past-question,active,comprehension question with no passage_id
ENG-0106,JAMB,English,Reading Comprehension,The Lekki Headmaster,medium,2025,,How does the novel use irony to critique migration?,,It shows how people regret leaving Nigeria.,It portrays Nigerian schools as superior to foreign institutions.,It contrasts the excitement of moving abroad with the struggles people face when they get there.,It portrays that migration is always a failure.,C,,jamb|2025,past-question,active,comprehension question with no passage_id
ENG-0107,JAMB,English,Reading Comprehension,The Lekki Headmaster,medium,2025,,Why does the MD call an emergency meeting after discovering the cars at the school's land?,,She believes they are using stolen school funds.,She want to commend them for financial growth.,She plans to reduce the teachers' salaries.,She is concerned about the teachers becoming financially independent,D,,jamb|2025,past-question,active,comprehension question with no passage_id
ENG-0108,JAMB,English,Reading Comprehension,The Lekki Headmaster,medium,2025,,Who makes up the board of Stardom Schools?,,Independent education experts,A mix of educators and business investors,The MD's family members,Parents and essential stakeholders,C,,jamb|2025,past-question,active,comprehension question with no passage_id
ENG-0109,JAMB,English,Reading Comprehension,The Lekki Headmaster,medium,2025,,What did Bepo do before meeting with the director of Beesway the morning after he encountered the ritual practice?,,He informed the police about the ritual activities.,He prayed for protection.,He moved his belongings out of the school.,He wrote a resignation letter.,C,,jamb|2025,past-question,active,comprehension question with no passage_id
ENG-0110,JAMB,English,Reading Comprehension,The Lekki Headmaster,medium,2025,,Which poem came to Bepo's mind on his way to renew his passport?,,Ibadan by J.P Clark,Night Rain by J.P Clark,Abiku by Wole Soyinka,Vanity by Birago Diop,A,,jamb|2025,past-question,active,comprehension question with no passage_id
ENG-0111,JAMB,English,Reading Comprehension,The Lekki Headmaster,medium,2025,,What was Mr. Fafore's strategy to ensure that he came early to school even though he lives far away?,,He slept in his car overnight,He woke up very early,He rented an apartment near the school,He set multiple alarms on his phone,B,,jamb|2025,past-question,active,comprehension question with no passage_id
ENG-0112,JAMB,English,Reading Comprehension,The Lekki Headmaster,medium,2025,,Which of the following is NOT one of Bepo's ideas about teaching?,,Education should be student-centered,Excursions enhance the learning experience,Teachers should maintain a strict authoritarian approach,Learning should be hands-on and engaging,C,,jamb|2025,past-question,active,comprehension question with no passage_id
ENG-0113,JAMB,English,Reading Comprehension,The Lekki Headmaster,medium,2025,,Why did Bepo choose to renew his passport in Ibadan?,,It was more expensive to renew it in Lagos,He wanted to avoid the long queues in Lagos,He had family in Ibadan,He was transferred to the office in Ibadan,B,,jamb|2025,past-question,active,comprehension question with no passage_id
ENG-0114,JAMB,English,Reading Comprehension,The Lekki Headmaster,medium,2025,,Why did Stardom School stop the usual democratic election process for prefects?,,Some students were engaging in negative campaigning,The school wanted teachers to appoint the prefects instead.,The Ministry of Education mandated a new selection process,Parents demanded to be involved in selecting the prefects,A,,jamb|2025,past-question,active,comprehension question with no passage_id
ENG-0115,JAMB,English,Reading Comprehension,The Lekki Headmaster,medium,2025,,Why did Bepo spend the electricity tariff money he collected from his tenants?,,He was out of a job and had no savings.,He needed to pay for his child's school fees,He used it for urgent medical expenses,He mistakenly misplaced the money,A,,jamb|2025,past-question,active,comprehension question with no passage_id
ENG-0116,JAMB,English,Reading Comprehension,The Lekki Headmaster,medium,2025,,The following were hairstyles that Mrs Ignatius learnt in preparation for her migration abroad except,,Agbadarigi,Kojusoko,Onilegogoro,Suku,A,,jamb|2025,past-question,active,comprehension question with no passage_id
ENG-0117,JAMB,English,Reading Comprehension,The Lekki Headmaster,medium,2025,,"What did Bepo's fellow tenant, Iya Matthew, pour on his head after he had embezzled the compound's electricity tariff?",,A bowl of pie,A bucket of water,A bowl of elubo,Fistfuls of sand,C,,jamb|2025,past-question,active,comprehension question with no passage_id
ENG-0118,JAMB,English,Reading Comprehension,The Lekki Headmaster,medium,2025,,What was the topic of the debate at Bepo's send-off?,,Migration: A curse or a blessing?,Who shapes the future: Teachers or parents?,The arts have contributed more to national development than the science,Public schools vs. private schools: Which is better?,C,,jamb|2025,past-question,active,comprehension question with no passage_id
ENG-0119,JAMB,English,Reading Comprehension,The Lekki Headmaster,medium,2025,,What eventually happened to Mr Ogo in the novel?,,He was arrested for murder,He relocated to the UK successfully,He became a pastor,He opened a new private school,A,,jamb|2025,past-question,active,comprehension question with no passage_id
ENG-0120,JAMB,English,Reading Comprehension,The Lekki Headmaster,medium,2025,,"According to the novel, the Gurara Waterfall was actually discovered in which year?",,1845,1745,1925,1625,B,,jamb|2025,past-question,active,comprehension question with no passage_id
ENG-0121,JAMB,English,Reading Comprehension,The Lekki Headmaster,medium,2025,,"According to the novel, who built the first-storey building in Nigeria?",,Bishop Samuel Ajayi Crowther,Lord Federick Lugard,Henry Townsend,Lord Bernard Shaw,C,,jamb|2025,past-question,active,comprehension question with no passage_id
ENG-0122,JAMB,English,Reading Comprehension,The Lekki Headmaster,medium,2025,,"What does Bepo mean by the term ""new slavery""?",,The forced labour system in Nigerian schools,The economic challenges of the working class brought on by bad governance,The exploitation of teachers by private school owners,The voluntary migration to foreign countries to join their workforce,D,,jamb|2025,past-question,active,comprehension question with no passage_id
ENG-0123,JAMB,English,Reading Comprehension,The Lekki Headmaster,medium,2025,,What is the name of the passport office that Bepo plans to visit to renew his passport?,,Mokola Passport Centre,Agodi-Gate Passport Office,Dugbe Immigration Office,Bodija Passport Centre,B,,jamb|2025,past-question,active,comprehension question with no passage_id
ENG-0124,JAMB,English,Reading Comprehension,The Lekki Headmaster,medium,2025,,What was inscribed on the banner at Bepo's send-off?,,A Principal Like No Other,For He Gave Stardom His Very Best,Goodbye to our Mentor,"We Will Miss You, Mr Bepo!",B,,jamb|2025,past-question,active,comprehension question with no passage_id
ENG-0125,JAMB,English,Reading Comprehension,The Lekki Headmaster,medium,2025,,What position did Bepo apply for when he first came to Stardom Schools?,,English Teacher,Head of Department,Vice Principal,History Teacher,A,,jamb|2025,past-question,active,comprehension question with no passage_id
ENG-0126,JAMB,English,Reading Comprehension,The Lekki Headmaster,medium,2025,,Who did Bepo sell his car to as he planned to relocate?,,His best friend,His landlord,The school's accountant,Mrs Grace Apeh,C,,jamb|2025,past-question,active,comprehension question with no passage_id
ENG-0127,JAMB,English,Reading Comprehension,The Lekki Headmaster,medium,2025,,How much did Bepo give his landlord's children as he left for the airport?,,"₦2,000",₦5000,"₦10,000",₦7500,B,,jamb|2025,past-question,active,comprehension question with no passage_id
ENG-0128,JAMB,English,Reading Comprehension,The Lekki Headmaster,medium,2025,,What course did Bepo study at the University of Benin?,,English Language,History and Political Science,English/ History Education,Educational Management,C,,jamb|2025,past-question,active,comprehension question with no passage_id
ENG-0129,JAMB,English,Reading Comprehension,The Lekki Headmaster,medium,2025,,What subject was Sola teaching at Stardom Schools before she relocated to the UK?,,English Language,Home Economics,Government,Biology,B,,jamb|2025,past-question,active,comprehension question with no passage_id
ENG-0130,JAMB,English,Reading Comprehension,The Lekki Headmaster,medium,2025,,"Which historical figure, according to the novel, translated the Bible into Yoruba?",,Bishop Ajayi Crowther,Samuel L. Akintola,Herbert Macauley,Samuel Caulker,A,,jamb|2025,past-question,active,comprehension question with no passage_id
ENG-0131,JAMB,English,Reading Comprehension,The Lekki Headmaster,medium,2025,,"What literary device is used in the expression ""under the world of tears""?",,Euphemism,Personification,Metaphor,Simile,C,,jamb|2025,past-question,active,comprehension question with no passage_id
ENG-0132,JAMB,English,Reading Comprehension,The Lekki Headmaster,medium,2025,,What was the mood at the beginning of the story when the principal walks to the podium?,,Joyful and uplifting,Calm and indifferent,Hopeful and eager,tense and uncertain,D,,jamb|2025,past-question,active,comprehension question with no passage_id
ENG-0133,JAMB,English,Reading Comprehension,The Lekki Headmaster,medium,2025,,"When Mr. Audu says, ""the MD is a witch and wizard rolled into one!"", what figure of speech is this?",,Personification,Allusion,Assonance,Metaphor,D,,jamb|2025,past-question,active,comprehension question with no passage_id
ENG-0134,JAMB,English,Reading Comprehension,The Lekki Headmaster,medium,2025,,"""You could see a rock carrying three other rocks on its head."" What literary technique is being used?",,irony,simile,hyperbole,personification,D,,jamb|2025,past-question,active,comprehension question with no passage_id
ENG-0135,JAMB,English,Reading Comprehension,The Lekki Headmaster,medium,2025,,What attitude do most teachers display towards Bepo's reluctance to relocate?,,empathy and support,criticism and dismissiveness,respect and admiration,indifference,B,,jamb|2025,past-question,active,comprehension question with no passage_id
ENG-0136,JAMB,English,Reading Comprehension,The Lekki Headmaster,medium,2025,,Why did the students expect comments from the principal after Ikenna's speech?,,It was standard procedure at Stardom Schools,Ikenna made a factual error,The principal always appreciated students after such good speeches,The speech was too long,C,,jamb|2025,past-question,active,comprehension question with no passage_id
ENG-0137,JAMB,English,Reading Comprehension,The Lekki Headmaster,medium,2025,,"Why is Jos described as ""acrobatic"" in Ikenna's speech?",,because of the Jos native dancers,beacause of its terrain and rock formations,because the people perform circus tricks,because students went rock climbing,B,,jamb|2025,past-question,active,comprehension question with no passage_id
ENG-0138,JAMB,English,Reading Comprehension,The Lekki Headmaster,medium,2025,,"What figure of speech is used in ""...the microphone dropped on the floor, sending a vexatious clatter out of the twin sound boxes""?",,Onomatopoeia,Simile,Irony,Personification,A,,jamb|2025,past-question,active,comprehension question with no passage_id
ENG-0139,JAMB,English,Reading Comprehension,The Lekki Headmaster,medium,2025,,The overall tone of the story can be described as,,Joyful,Reflective,Mysterious,Suspenseful,B,,jamb|2025,past-question,active,comprehension question with no passage_id
ENG-0140,JAMB,English,Reading Comprehension,The Lekki Headmaster,medium,2025,,Why did Mr. Bepo finally decide to leave Nigeria?,,To pursue further education,Due to unresolved conflict,To reunite with his family and avoid marital collapse,To escape insecurity,C,,jamb|2025,past-question,active,comprehension question with no passage_id
ENG-0141,JAMB,English,Reading Comprehension,The Lekki Headmaster,medium,2025,,What was unique about Bepo's initial job interview at Stardom?,,It was done over the phone,He tested in mathematics,He was interviewed by the founder,He had to bribe the MD's father,C,,jamb|2025,past-question,active,comprehension question with no passage_id
ENG-0142,JAMB,English,Reading Comprehension,The Lekki Headmaster,medium,2025,,What is the name of the director of Beesway Group of School?,,Mr Ogo,Mr Meko,Mr Oyelana,Mr Komaiko,B,,jamb|2025,past-question,active,comprehension question with no passage_id
ENG-0143,JAMB,English,Reading Comprehension,The Lekki Headmaster,medium,2025,,"What shocking behaviour did a UK student allegedly exhibit toward a Nigerian teacher, according to the novel?",,Insulting him with 'Are you an idiot?',Spitting on him,Yelling racial slurs,Leaving the classroom without permission,A,,jamb|2025,past-question,active,comprehension question with no passage_id
ENG-0144,JAMB,English,Reading Comprehension,The Lekki Headmaster,medium,2025,,What gesture impressed Sola when her daughter Betty was hospitalised in the UK?,,She was given free medication,Her husband was offered a job,Emergency care arrived in under 5 minutes,They were moved to a private hospital,C,,jamb|2025,past-question,active,comprehension question with no passage_id
ENG-0145,JAMB,English,Reading Comprehension,The Lekki Headmaster,medium,2025,,"What kind of job did Akindele, the older Nigerian migrant, do when he first arrived in the US?",,Law enforcement,Clerical work,IT consultancy,Freight loading,D,,jamb|2025,past-question,active,comprehension question with no passage_id
ENG-0146,JAMB,English,Reading Comprehension,The Lekki Headmaster,medium,2025,,"What figure of speech is used in the expression ""...wouldn't have to clean 'dishes', as folks uncharitably say about washing corpses.""",,Personification,Euphemism,Hyperbole,Allusion,B,,jamb|2025,past-question,active,comprehension question with no passage_id
ENG-0147,JAMB,English,Reading Comprehension,The Lekki Headmaster,medium,2025,,What city did Sola and her husband settle in within the UK?,,London,Birmingham,Manchester,Aberdeen,C,,jamb|2025,past-question,active,comprehension question with no passage_id
ENG-0148,JAMB,English,Reading Comprehension,The Lekki Headmaster,medium,2025,,What career did Bepo's wife Seri practice abroad?,,Nurse,Pharmacist,Lawyer,Teacher,A,,jamb|2025,past-question,active,comprehension question with no passage_id
ENG-0149,JAMB,English,Reading Comprehension,The Lekki Headmaster,medium,2025,,"“Tears trickled out of his eyes… More tears streamed from both eyes, competitively…” is an example of—",,Simile,Metaphor,Hyperbole,Personification,D,,jamb|2025,past-question,active,comprehension question with no passage_id
ENG-0150,JAMB,English,Reading Comprehension,The Lekki Headmaster,medium,2025,,“He brought his palms together like a supplicant” is an example of—,,Hyperbole,Simile,Irony,Euphemism,B,,jamb|2025,past-question,active,comprehension question with no passage_id
ENG-0151,JAMB,English,Reading Comprehension,The Lekki Headmaster,medium,2025,,"The Yoruba proverb ""The Oyingbo market never finds out a certain person did not even turn up"" means",,Traders are greedy,The market is disorganised,The market is always busy,Prices are fixed,C,,jamb|2025,past-question,active,comprehension question with no passage_id
ENG-0152,JAMB,English,Reading Comprehension,The Lekki Headmaster,medium,2025,,"“If you beat my height, you can’t beat my eyes.” What was Bepo trying to communicate here?",,Physical strength surpasses all other traits,No act of cheating will go uncaught,Height is the least important quality of a person,A competitive spirit always guarantee victory,B,,jamb|2025,past-question,active,comprehension question with no passage_id
ENG-0153,JAMB,English,Reading Comprehension,The Lekki Headmaster,medium,2025,,Why does the narrator employ a conversational tone in the narration of Bepo's story?,,To show multiple perspectives on the subject matter,To create tension and drama,To make the story imaginative,To enhance relatability,D,,jamb|2025,past-question,active,comprehension question with no passage_id
ENG-0154,JAMB,English,Reading Comprehension,The Lekki Headmaster,medium,2025,,"When the director of Beesway references the Yoruba proverb about vegetables plucked from a dumpsite, what was he trying to communicate to Bepo?",,Vegetable are expensive,People who feel guilty defend what wasn't questioned,People on the bottom can be destined to do greater things,Looks can be deceiving,B,,jamb|2025,past-question,active,comprehension question with no passage_id
ENG-0155,JAMB,English,Reading Comprehension,The Lekki Headmaster,medium,2025,,"What figure of speech is used in ""He would look at the ceiling and at the faces before him, as though he had just returned from a dreamy wonderland""?",,Personification,Irony,Simile,Metaphor,C,,jamb|2025,past-question,active,comprehension question with no passage_id
ENG-0156,JAMB,English,Reading Comprehension,The Lekki Headmaster,medium,2025,,"""Mr. Audu, the Fine Arts teacher, who was a bunch of biting humour…"" What does this description of Mr Audu mean?",,He always made friendly remarks,"He is sarcastic and has sharp, critical wit",He is known for his apt innuendos,He often made unintelligible remarks,B,,jamb|2025,past-question,active,comprehension question with no passage_id
ENG-0157,JAMB,English,Reading Comprehension,The Lekki Headmaster,medium,2025,,"""…his foot-dragging over the matter had pushed his marriage to the brink."" What does ""foot-dragging"" mean as used in the novel?",,quick decision making,unnecessary excitement,thoughtful consideration,reluctance to act promptly,D,,jamb|2025,past-question,active,comprehension question with no passage_id
ENG-0158,JAMB,English,Reading Comprehension,The Lekki Headmaster,medium,2025,,"Mrs. Ibidun Gloss expressed deep appreciation to Bepo for contributing what she called an ""unrivalled quota"" to the growth of Stardom. What does ""unrivalled quota"" as used in the novel mean?",,Bepo's incomparable and exceptional contribution to the growth of the school,His savings over the years which is not comparable to the contributions of others,His impactful contribution to the development of the school's building,His buying of a large chunk of the school's shares,A,,jamb|2025,past-question,active,comprehension question with no passage_id
ENG-0159,JAMB,English,Reading Comprehension,The Lekki Headmaster,medium,2025,,"Which of the following is not a figure of speech used in J.P. Clark's poem ""Ibadan"" as referenced in the novel?",,Metaphor,Simile,Imagery,Onomatopoeia,D,,jamb|2025,past-question,active,comprehension question with no passage_id
ENG-0160,JAMB,English,Reading Comprehension,The Lekki Headmaster,medium,2025,,This question is based on Kabir Alabi Garba's The Lekki Headmaster. The following are current socio-economic realities depicted in the novel except,,The declining condition of Nigerian universities,The Japa trend,Bureaucracy,The struggles of middle-class professionals,A,,jamb|2025,past-question,active,comprehension question with no passage_id
ENG-0161,JAMB,English,Reading Comprehension,Birds (comprehension passage),medium,2025,,One of the first things a child notices in birds is,,noise,nests,feeding trait,colour,A,,jamb|2025,past-question,active,comprehension question with no passage_id
ENG-0162,JAMB,English,Reading Comprehension,Birds (comprehension passage),medium,2025,,What makes it easy to identify a species of birds in the wood?,,the shape of their beaks,their characteristic calls with practice,their mode of feeding,the colour of their feathers,B,,jamb|2025,past-question,active,comprehension question with no passage_id
ENG-0163,JAMB,English,Reading Comprehension,Birds (comprehension passage),medium,2025,,Flocks of finches could easily become separated,,when they get injured by other birds,when they get hungry after being separated from other birds,when they see predators hovering in the sky,when they hunt for insects or seeds on the branches of trees,D,,jamb|2025,past-question,active,comprehension question with no passage_id
ENG-0164,JAMB,English,Reading Comprehension,Birds (comprehension passage),medium,2025,,The small birds have,,a particular type of call,different alarm calls,a similar alarm call,sonorous songs,A,,jamb|2025,past-question,active,comprehension question with no passage_id
ENG-0165,JAMB,English,Reading Comprehension,Birds (comprehension passage),medium,2025,,"When a bird of prey is sighted, a small bird",,flies away,starts making a nest,hides in its nest,calls its mates,D,,jamb|2025,past-question,active,comprehension question with no passage_id
ENG-0166,JAMB,English,Cloze Test,UN Security Council,medium,2025,,"The Security _____ has a primary responsibility, under the UN Charter, for the maintenance of international peace and security.",,Unit,Council,Department,Committee,B,,jamb|2025,past-question,active,comprehension question with no passage_id
ENG-0167,JAMB,English,Cloze Test,UN Security Council,medium,2025,,"The Security Council has a primary responsibility, under the UN Charter, for the maintenance of international _____ and security.",,relation,affairs,peace,relationship,C,,jamb|2025,past-question,active,comprehension question with no passage_id
ENG-0168,JAMB,English,Cloze Test,UN Security Council,medium,2025,,"The Security Council has a primary responsibility, under the UN Charter, for the maintenance of international peace and _____.",,safety,unity,security,progress,C,,jamb|2025,past-question,active,comprehension question with no passage_id
ENG-0169,JAMB,English,Cloze Test,UN Security Council,medium,2025,,It has fifteen _____—five permanent and ten non-permanent.,,member,personnel,members,states,C,,jamb|2025,past-question,active,comprehension question with no passage_id
ENG-0170,JAMB,English,Cloze Test,UN Security Council,medium,2025,,Each Member has one _____.,,assent,vote,consent,voice,B,,jamb|2025,past-question,active,comprehension question with no passage_id
ENG-0171,JAMB,English,Cloze Test,UN Security Council,medium,2025,,"Under the _____, all Member States are obligated to comply with Council decisions.",,charter,league,unit,directorate,A,,jamb|2025,past-question,active,comprehension question with no passage_id
ENG-0172,JAMB,English,Cloze Test,UN Security Council,medium,2025,,The Security Council takes the lead in determining the existence of a _____ to the peace or act of aggression.,,threat,agitation,violence,fear,A,,jamb|2025,past-question,active,comprehension question with no passage_id
ENG-0173,JAMB,English,Cloze Test,UN Security Council,medium,2025,,It calls upon the _____ to a dispute to settle it by peaceful means.,,people,states,entity,parties,D,,jamb|2025,past-question,active,comprehension question with no passage_id
ENG-0174,JAMB,English,Cloze Test,UN Security Council,medium,2025,,It calls upon the parties to a dispute to settle it by peaceful means and recommends methods of adjustment or terms of _____.,,settlement,agreement,consent,condition,A,,jamb|2025,past-question,active,comprehension question with no passage_id
ENG-0175,JAMB,English,Cloze Test,UN Security Council,medium,2025,,"In some cases, the Security Council can resort to imposing _____ or even authorise the use of force to maintain or restore international peace and security.",,rules,sanctions,order,discipline,B,,jamb|2025,past-question,active,comprehension question with no passage_id
ENG-0176,JAMB,English,Reading Comprehension,The Lekki Headmaster,medium,2025,,"This question is based on Kabir Alabi Garba's The Lekki Headmaster. The school nurse, Mrs Titi, fetched a handkerchief and offered it to him because",,she always went about with an extra handkerchief,"the Physics teacher, Pastor Ope Wande, had prayed over it",it was all she could do at the moment,she didn't have any drug immediately available,C,,jamb|2025,past-question,active,comprehension question with no passage_id
ENG-0177,JAMB,English,Reading Comprehension,The Lekki Headmaster,medium,2025,,"This question is based on Kabir Alabi Garba's The Lekki Headmaster. ""Red-tapism is found everywhere"" means",,Excessive official formality is everywhere,Red tape worm is found everywhere,Red tapes are everywhere,Official formality is everywhere,A,,jamb|2025,past-question,active,comprehension question with no passage_id
ENG-0178,JAMB,English,Reading Comprehension,The Lekki Headmaster,medium,2025,,"This question is based on Kabir Garba's The Lekki Headmaster. 'If you beat my height, you can't beat my eyes' is a statement by",,Audu,Ayesoro,Grace,Bepo,D,,jamb|2025,past-question,active,comprehension question with no passage_id
ENG-0179,JAMB,English,Reading Comprehension,The Lekki Headmaster,medium,2025,,This question is based on Kabir Garba's The Lekki Headmaster. How did Sola and her husband travel to London from Manchester every day?,,by rail,by road,by sea,by air,A,,jamb|2025,past-question,active,comprehension question with no passage_id
ENG-0180,JAMB,English,Reading Comprehension,The Lekki Headmaster,medium,2025,,"""Yes….That is what you paid the extra amount for. If you had followed the normal channel, you would still be there with them."" To whom was this said?",,Bepo,Mrs Ladele,Tai,Mr Ogo,A,,jamb|2025,past-question,active,comprehension question with no passage_id
ENG-0181,JAMB,English,Reading Comprehension,The Lekki Headmaster,medium,2025,,"""So, you have taken your madness to this level?"" Where was the statement made?",,In Bepo's house,At the airport,At Stardom School,At Beesway School,D,,jamb|2025,past-question,active,comprehension question with no passage_id
ENG-0182,JAMB,English,Reading Comprehension,The Lekki Headmaster,medium,2025,,Bepo considered establishing a school because,,he considers it lucrative,his friends advised him to,his father was a headmaster,of his passion for education,D,,jamb|2025,past-question,active,comprehension question with no passage_id
ENG-0183,JAMB,English,Reading Comprehension,The Lekki Headmaster,medium,2025,,Bibi's scream diverted Mrs Ladele's attention from a movie on,,socio-economic problems,politics,money ritual,infidelity in marriage,D,,jamb|2025,past-question,active,comprehension question with no passage_id
ENG-0184,JAMB,English,Reading Comprehension,The Lekki Headmaster,medium,2025,,Bepo's retirement plan suggests that he was,,an unambitious man,an unreasonable man,a vain fellow,a thoughtful man,D,,jamb|2025,past-question,active,comprehension question with no passage_id
ENG-0185,JAMB,English,Reading Comprehension,The Lekki Headmaster,medium,2025,,What did Bepo believe was crucial for success in the transportation business?,,Finding trustworthy drivers,Having money to bribe policemen,Finding expert drivers,Getting a quality vehicle,A,,jamb|2025,past-question,active,comprehension question with no passage_id
ENG-0186,JAMB,English,Reading Comprehension,The Lekki Headmaster,medium,2025,,What was the essence of open days at Stardom Schools?,,to allow students to rest,to subject teachers to tests,to update parents on academic activities,to give teachers an opportunity to relax,C,,jamb|2025,past-question,active,comprehension question with no passage_id
ENG-0187,JAMB,English,Reading Comprehension,The Lekki Headmaster,medium,2025,,One of the challenges faced in General Hospitals cited in the novel is,,large crowds,bad smell,theft,high costs,A,,jamb|2025,past-question,active,comprehension question with no passage_id
ENG-0188,JAMB,English,Reading Comprehension,The Lekki Headmaster,medium,2025,,The contestant for the position of a prefect must have spent … in the school.,,a session,three sessions,four sessions,two sessions,D,,jamb|2025,past-question,active,comprehension question with no passage_id
ENG-0189,JAMB,English,Reading Comprehension,The Lekki Headmaster,medium,2025,,Bibi is always scared of Mr Ayesoro because of his,,stern look,maltreatment,constant abuse,tribal marks,D,,jamb|2025,past-question,active,comprehension question with no passage_id
ENG-0190,JAMB,English,Reading Comprehension,The Lekki Headmaster,medium,2025,,"The stories of Nigerian migrants such as Sola, Hope, Riike and Akindele showed that, for those who have 'japa'",,it is the final goodbye to Nigeria,those still in Nigeria are wasting their time,life is not a bed of roses,there is no cause for alarm,C,,jamb|2025,past-question,active,comprehension question with no passage_id
ENG-0191,JAMB,English,Reading Comprehension,The Lekki Headmaster,medium,2025,,Why was the Government teacher named 'Owala'?,,he loved to sing,he had wild face marks,he was abusive,he had a compelling voice,B,,jamb|2025,past-question,active,comprehension question with no passage_id
ENG-0192,JAMB,English,Reading Comprehension,The Lekki Headmaster,medium,2025,,How did Stardom Schools curb late-coming?,,By reducing boarding fees,By publishing names of latecomers in the school magazine,Through severe punishment for latecomers,Through repeated meetings with parents,A,,jamb|2025,past-question,active,comprehension question with no passage_id
ENG-0193,JAMB,English,Reading Comprehension,The Lekki Headmaster,medium,2025,,Bepo worked in Stardom for over,,two decades,three decades,five decades,one decade,A,,jamb|2025,past-question,active,comprehension question with no passage_id
ENG-0194,JAMB,English,Reading Comprehension,The Lekki Headmaster,medium,2025,,What joke did Bepo tell his students concerning his big eyes?,,his big eyes will always catch whoever was cheating,he said the eyes were always open even when he slept,Bepo said he was also an eye-master,he said his mum ate an owl when she carried his pregnancy,A,,jamb|2025,past-question,active,comprehension question with no passage_id
ENG-0195,JAMB,English,Reading Comprehension,The Lekki Headmaster,medium,2025,,"""It's like hanging a snake in the roof and going to bed"". Who made this statement in The Lekki Headmaster?",,The chairman,MD,Nurse,Principal,A,,jamb|2025,past-question,active,comprehension question with no passage_id
